{
    "NRT-E6P3": {
        "expiry": 1769082199.9974906,
        "max_devices": 1,
        "hwids": [
            "hwid-nrt=**************"
        ]
    },
    "NRT-7Z54": {
        "expiry": 1769082199.9974906,
        "max_devices": 1,
        "hwids": []
    }
}