{
    "Balo": {
        "expiry": 1768995406.6848757,
        "max_devices": 1,
        "hwids": [
            "testhwid"
        ]
    },
    "NRT-P9NN": {
        "expiry": 1769082199.9974906,
        "max_devices": 1,
        "hwids": []
    },
    "NRT-E6P3": {
        "expiry": 1769082199.9974906,
        "max_devices": 1,
        "hwids": []
    },
    "NRT-7Z54": {
        "expiry": 1769082199.9974906,
        "max_devices": 1,
        "hwids": []
    },
    "Cuong": {
        "expiry": 1769082294.8677886,
        "max_devices": 1,
        "hwids": []
    }
}