{
    "KEYAUTH-69ot": {
        "expiry": 1800373658.1626933,
        "max_devices": 1,
        "hwids": []
    },
    "cuongne": {
        "expiry": 1770812933.1328406,
        "max_devices": 1,
        "hwids": []
    }
}